{
    "T_gt": {
        "rotation_matrix": [
            2.0956280380558527,
            2.2128199740691437,
            0.16282056353644922
        ],
        "translation_vector": [
            -0.06416756417767695,
            -0.002571932068189959,
            0.017770242901650635
        ]
    },
    "T_rc": {
        "rotation_matrix": [
            2.26451880677884,
            2.1766689909917756,
            -0.04245491985608349
        ],
        "translation_vector": [
            0.4714891140632439,
            -0.0005711755479615413,
            1.1413156047245026
        ]
    }
}