{
    "T_gt": {
        "rotation_matrix": [
            -2.1651795585195566,
            -2.253531632589746,
            0.07992511649162208
        ],
        "translation_vector": [
            -0.06373664044374644,
            -0.01320344924064818,
            0.0336244095867691
        ]
    },
    "T_rc": {
        "rotation_matrix": [
            -2.2209487427318035,
            -2.216866857084658,
            0.044994213576448255
        ],
        "translation_vector": [
            0.48091108384827697,
            -0.010376411251472872,
            1.1488080215606167
        ]
    }
}