{
    "T_rc": {
        "translation_vector": [
            0.46398712985819635,
            -0.01117602057076977,
            1.169762053874563
        ],
        "rotation_matrix": [
            -2.252247714115392,
            -2.1822860681944944,
            0.04114937635685784
        ]
    },
    "T_gt": {
        "translation_vector": [
            -0.0648597915089382,
            -0.005428971954513768,
            0.023667762233059886
        ],
        "rotation_matrix": [
            -2.1317520135494226,
            -2.276086915923348,
            0.03771179896150048
        ]
    }
}