{
    "T_rc": {
        "translation_vector": [
            0.4709404392331024,
            -0.001012245901015851,
            1.1588433705611427
        ],
        "rotation_matrix": [
            2.2453229541584725,
            2.189286312669311,
            -0.04055677484668194
        ]
    },
    "T_gt": {
        "translation_vector": [
            -0.06431085023950604,
            -0.003015507195851971,
            0.01034630178723294
        ],
        "rotation_matrix": [
            2.093328716750194,
            2.2120851948811078,
            0.14689504320960442
        ]
    }
}