{
    "camera_matrix": [
        [
            4615.710039111832,
            0.0,
            942.784993102154
        ],
        [
            0.0,
            4613.781102549883,
            625.3547519233072
        ],
        [
            0.0,
            0.0,
            1.0
        ]
    ],
    "dist_coeff": [
        [
            -0.24048521583361665,
            0.1101483313704343,
            -0.0009334846458701167,
            0.0011584298320832583,
            -9.886595132253571
        ]
    ],
    "new_camera_matrix": [
        [
            4536.429497564325,
            0.0,
            943.0851999250896
        ],
        [
            0.0,
            4535.605746661241,
            625.2526675686305
        ],
        [
            0.0,
            0.0,
            1.0
        ]
    ]
}