{
    "camera_matrix": [
        [
            4736.876628564709,
            0.0,
            920.9535464278578
        ],
        [
            0.0,
            4747.381334205392,
            572.1862211463491
        ],
        [
            0.0,
            0.0,
            1.0
        ]
    ],
    "dist_coeff": [
        [
            -0.2148619770841273,
            -1.554272636267962,
            -0.002444401028086726,
            0.002763838995890975,
            19.113529956755826
        ]
    ],
    "new_camera_matrix": [
        [
            4666.030938989677,
            0.0,
            922.2331685297211
        ],
        [
            0.0,
            4677.935418539698,
            570.9523841579313
        ],
        [
            0.0,
            0.0,
            1.0
        ]
    ]
}