{
    "camera_matrix": [
        [
            4720.250305460826,
            0.0,
            926.9083170537522
        ],
        [
            0.0,
            4710.673033315271,
            646.4161920411866
        ],
        [
            0.0,
            0.0,
            1.0
        ]
    ],
    "dist_coeff": [
        [
            -0.22780051091293588,
            -0.854581600883028,
            -0.0006461229655432804,
            0.0042556658278993685,
            6.838991226518828
        ]
    ],
    "new_camera_matrix": [
        [
            4647.206381031973,
            0.0,
            929.2076822985557
        ],
        [
            0.0,
            4634.605088667131,
            646.5623380772987
        ],
        [
            0.0,
            0.0,
            1.0
        ]
    ]
}