{
    "camera_matrix": [
        [
            4737.083301889423,
            0.0,
            966.496735027715
        ],
        [
            0.0,
            4727.5218083911195,
            616.9462319623929
        ],
        [
            0.0,
            0.0,
            1.0
        ]
    ],
    "dist_coeff": [
        [
            -0.31135550750901997,
            1.7823373929249684,
            -0.0007441162842517421,
            0.0017614659433215919,
            -30.970220268177012
        ]
    ],
    "new_camera_matrix": [
        [
            4647.479401891204,
            0.0,
            968.0499691131417
        ],
        [
            0.0,
            4634.215092089977,
            616.8797181250002
        ],
        [
            0.0,
            0.0,
            1.0
        ]
    ]
}