{
    "camera_matrix": [
        [
            4806.048354684997,
            0.0,
            896.9114756326915
        ],
        [
            0.0,
            4792.653897832394,
            591.5267953615964
        ],
        [
            0.0,
            0.0,
            1.0
        ]
    ],
    "dist_coeff": [
        [
            -0.2953706482966856,
            0.45008628015869734,
            -0.0009890976345666993,
            0.0003892087299271954,
            1.1569310997860893
        ]
    ],
    "new_camera_matrix": [
        [
            4730.790777996681,
            0.0,
            895.9384882622641
        ],
        [
            0.0,
            4714.265995338915,
            591.0078487856579
        ],
        [
            0.0,
            0.0,
            1.0
        ]
    ]
}