{
    "T_gt": {
        "rotation_matrix": [
            2.0933287167501935,
            2.2120851948811073,
            0.14679504320960446
        ],
        "translation_vector": [
            -0.0649024741973212,
            -7.992061284956757e-05,
            0.008561354344150007
        ]
    },
    "T_rc": {
        "rotation_matrix": [
            2.245322954158471,
            2.1891863126693396,
            -0.04065677484661959
        ],
        "translation_vector": [
            0.4713656474883051,
            -0.00013940649264785818,
            1.1787738334851219
        ]
    }
}